Data Type,Book,Chapter,Number of Verses or Mishnahs,,Books,,
Bible,Genesis,1,31,,Genesis,"""Genesis""","const biblicalBooks = [""Genesis"", ""Exodus"", ""Leviticus"", ""Numbers"", ""Deuteronomy"", ""Joshua"", ""Judges"", ""I Samuel"", ""II Samuel"", ""I Kings"", ""II Kings"", ""Isaiah"", ""Jeremiah"", ""Ezekiel"", ""Hosea"", ""Joel"", ""Amos"", ""Obadiah"", ""Jonah"", ""Micah"", ""Nahum"", ""Habakkuk"", ""Zephaniah"", ""Haggai"", ""Zechariah"", ""Malachi"", ""Psalms"", ""Proverbs"", ""Job"", ""Song of Songs"", ""Ruth"", ""Lamentations"", ""Ecclesiastes"", ""Esther"", ""Daniel"", ""Ezra"", ""Nehemiah"", ""I Chronicles"", ""II Chronicles""];"
Bible,Genesis,2,25,,Exodus,"""Exodus""",
Bible,Genesis,3,24,,Leviticus,"""Leviticus""",
Bible,Genesis,4,26,,Numbers,"""Numbers""",
Bible,Genesis,5,32,,Deuteronomy,"""Deuteronomy""",
Bible,Genesis,6,22,,Joshua,"""Joshua""",
Bible,Genesis,7,24,,Judges,"""Judges""",
Bible,Genesis,8,22,,I Samuel,"""I Samuel""",
Bible,Genesis,9,29,,II Samuel,"""II Samuel""",
Bible,Genesis,10,32,,I Kings,"""I Kings""",
Bible,Genesis,11,32,,II Kings,"""II Kings""",
Bible,Genesis,12,20,,Isaiah,"""Isaiah""",
Bible,Genesis,13,18,,Jeremiah,"""Jeremiah""",
Bible,Genesis,14,24,,Ezekiel,"""Ezekiel""",
Bible,Genesis,15,21,,Hosea,"""Hosea""",
Bible,Genesis,16,16,,Joel,"""Joel""",
Bible,Genesis,17,27,,Amos,"""Amos""",
Bible,Genesis,18,33,,Obadiah,"""Obadiah""",
Bible,Genesis,19,38,,Jonah,"""Jonah""",
Bible,Genesis,20,18,,Micah,"""Micah""",
Bible,Genesis,21,34,,Nahum,"""Nahum""",
Bible,Genesis,22,24,,Habakkuk,"""Habakkuk""",
Bible,Genesis,23,20,,Zephaniah,"""Zephaniah""",
Bible,Genesis,24,67,,Haggai,"""Haggai""",
Bible,Genesis,25,34,,Zechariah,"""Zechariah""",
Bible,Genesis,26,35,,Malachi,"""Malachi""",
Bible,Genesis,27,46,,Psalms,"""Psalms""",
Bible,Genesis,28,22,,Proverbs,"""Proverbs""",
Bible,Genesis,29,35,,Job,"""Job""",
Bible,Genesis,30,43,,Song of Songs,"""Song of Songs""",
Bible,Genesis,31,54,,Ruth,"""Ruth""",
Bible,Genesis,32,33,,Lamentations,"""Lamentations""",
Bible,Genesis,33,20,,Ecclesiastes,"""Ecclesiastes""",
Bible,Genesis,34,31,,Esther,"""Esther""",
Bible,Genesis,35,29,,Daniel,"""Daniel""",
Bible,Genesis,36,43,,Ezra,"""Ezra""",
Bible,Genesis,37,36,,Nehemiah,"""Nehemiah""",
Bible,Genesis,38,30,,I Chronicles,"""I Chronicles""",
Bible,Genesis,39,23,,II Chronicles,"""II Chronicles""",
Bible,Genesis,40,23,,,,
Bible,Genesis,41,57,,,,
Bible,Genesis,42,38,,,,
Bible,Genesis,43,34,,,,
Bible,Genesis,44,34,,,,
Bible,Genesis,45,28,,,,
Bible,Genesis,46,34,,,,
Bible,Genesis,47,31,,,,
Bible,Genesis,48,22,,,,
Bible,Genesis,49,33,,,,
Bible,Genesis,50,26,,,,
Bible,Exodus,1,22,,,,
Bible,Exodus,2,25,,,,
Bible,Exodus,3,22,,,,
Bible,Exodus,4,31,,,,
Bible,Exodus,5,23,,,,
Bible,Exodus,6,30,,,,
Bible,Exodus,7,29,,,,
Bible,Exodus,8,28,,,,
Bible,Exodus,9,35,,,,
Bible,Exodus,10,29,,,,
Bible,Exodus,11,10,,,,
Bible,Exodus,12,51,,,,
Bible,Exodus,13,22,,,,
Bible,Exodus,14,31,,,,
Bible,Exodus,15,27,,,,
Bible,Exodus,16,36,,,,
Bible,Exodus,17,16,,,,
Bible,Exodus,18,27,,,,
Bible,Exodus,19,25,,,,
Bible,Exodus,20,23,,,,
Bible,Exodus,21,37,,,,
Bible,Exodus,22,30,,,,
Bible,Exodus,23,33,,,,
Bible,Exodus,24,18,,,,
Bible,Exodus,25,40,,,,
Bible,Exodus,26,37,,,,
Bible,Exodus,27,21,,,,
Bible,Exodus,28,43,,,,
Bible,Exodus,29,46,,,,
Bible,Exodus,30,38,,,,
Bible,Exodus,31,18,,,,
Bible,Exodus,32,35,,,,
Bible,Exodus,33,23,,,,
Bible,Exodus,34,35,,,,
Bible,Exodus,35,35,,,,
Bible,Exodus,36,38,,,,
Bible,Exodus,37,29,,,,
Bible,Exodus,38,31,,,,
Bible,Exodus,39,43,,,,
Bible,Exodus,40,38,,,,
Bible,Leviticus,1,17,,,,
Bible,Leviticus,2,16,,,,
Bible,Leviticus,3,17,,,,
Bible,Leviticus,4,35,,,,
Bible,Leviticus,5,26,,,,
Bible,Leviticus,6,23,,,,
Bible,Leviticus,7,38,,,,
Bible,Leviticus,8,36,,,,
Bible,Leviticus,9,24,,,,
Bible,Leviticus,10,20,,,,
Bible,Leviticus,11,47,,,,
Bible,Leviticus,12,8,,,,
Bible,Leviticus,13,59,,,,
Bible,Leviticus,14,57,,,,
Bible,Leviticus,15,33,,,,
Bible,Leviticus,16,34,,,,
Bible,Leviticus,17,16,,,,
Bible,Leviticus,18,30,,,,
Bible,Leviticus,19,37,,,,
Bible,Leviticus,20,27,,,,
Bible,Leviticus,21,24,,,,
Bible,Leviticus,22,33,,,,
Bible,Leviticus,23,44,,,,
Bible,Leviticus,24,23,,,,
Bible,Leviticus,25,55,,,,
Bible,Leviticus,26,46,,,,
Bible,Leviticus,27,34,,,,
Bible,Numbers,1,54,,,,
Bible,Numbers,2,34,,,,
Bible,Numbers,3,51,,,,
Bible,Numbers,4,49,,,,
Bible,Numbers,5,31,,,,
Bible,Numbers,6,27,,,,
Bible,Numbers,7,89,,,,
Bible,Numbers,8,26,,,,
Bible,Numbers,9,23,,,,
Bible,Numbers,10,36,,,,
Bible,Numbers,11,35,,,,
Bible,Numbers,12,16,,,,
Bible,Numbers,13,33,,,,
Bible,Numbers,14,45,,,,
Bible,Numbers,15,41,,,,
Bible,Numbers,16,35,,,,
Bible,Numbers,17,28,,,,
Bible,Numbers,18,32,,,,
Bible,Numbers,19,22,,,,
Bible,Numbers,20,29,,,,
Bible,Numbers,21,35,,,,
Bible,Numbers,22,41,,,,
Bible,Numbers,23,30,,,,
Bible,Numbers,24,25,,,,
Bible,Numbers,25,19,,,,
Bible,Numbers,26,65,,,,
Bible,Numbers,27,23,,,,
Bible,Numbers,28,31,,,,
Bible,Numbers,29,39,,,,
Bible,Numbers,30,17,,,,
Bible,Numbers,31,54,,,,
Bible,Numbers,32,42,,,,
Bible,Numbers,33,56,,,,
Bible,Numbers,34,29,,,,
Bible,Numbers,35,34,,,,
Bible,Numbers,36,13,,,,
Bible,Deuteronomy,1,46,,,,
Bible,Deuteronomy,2,37,,,,
Bible,Deuteronomy,3,29,,,,
Bible,Deuteronomy,4,49,,,,
Bible,Deuteronomy,5,30,,,,
Bible,Deuteronomy,6,25,,,,
Bible,Deuteronomy,7,26,,,,
Bible,Deuteronomy,8,20,,,,
Bible,Deuteronomy,9,29,,,,
Bible,Deuteronomy,10,22,,,,
Bible,Deuteronomy,11,32,,,,
Bible,Deuteronomy,12,31,,,,
Bible,Deuteronomy,13,19,,,,
Bible,Deuteronomy,14,29,,,,
Bible,Deuteronomy,15,23,,,,
Bible,Deuteronomy,16,22,,,,
Bible,Deuteronomy,17,20,,,,
Bible,Deuteronomy,18,22,,,,
Bible,Deuteronomy,19,21,,,,
Bible,Deuteronomy,20,20,,,,
Bible,Deuteronomy,21,23,,,,
Bible,Deuteronomy,22,29,,,,
Bible,Deuteronomy,23,26,,,,
Bible,Deuteronomy,24,22,,,,
Bible,Deuteronomy,25,19,,,,
Bible,Deuteronomy,26,19,,,,
Bible,Deuteronomy,27,26,,,,
Bible,Deuteronomy,28,69,,,,
Bible,Deuteronomy,29,28,,,,
Bible,Deuteronomy,30,20,,,,
Bible,Deuteronomy,31,30,,,,
Bible,Deuteronomy,32,52,,,,
Bible,Deuteronomy,33,29,,,,
Bible,Deuteronomy,34,12,,,,
Bible,Joshua,1,18,,,,
Bible,Joshua,2,24,,,,
Bible,Joshua,3,17,,,,
Bible,Joshua,4,24,,,,
Bible,Joshua,5,15,,,,
Bible,Joshua,6,27,,,,
Bible,Joshua,7,26,,,,
Bible,Joshua,8,35,,,,
Bible,Joshua,9,27,,,,
Bible,Joshua,10,43,,,,
Bible,Joshua,11,23,,,,
Bible,Joshua,12,24,,,,
Bible,Joshua,13,33,,,,
Bible,Joshua,14,15,,,,
Bible,Joshua,15,63,,,,
Bible,Joshua,16,10,,,,
Bible,Joshua,17,18,,,,
Bible,Joshua,18,28,,,,
Bible,Joshua,19,51,,,,
Bible,Joshua,20,9,,,,
Bible,Joshua,21,45,,,,
Bible,Joshua,22,34,,,,
Bible,Joshua,23,16,,,,
Bible,Joshua,24,33,,,,
Bible,Judges,1,36,,,,
Bible,Judges,2,23,,,,
Bible,Judges,3,31,,,,
Bible,Judges,4,24,,,,
Bible,Judges,5,31,,,,
Bible,Judges,6,40,,,,
Bible,Judges,7,25,,,,
Bible,Judges,8,35,,,,
Bible,Judges,9,57,,,,
Bible,Judges,10,18,,,,
Bible,Judges,11,40,,,,
Bible,Judges,12,15,,,,
Bible,Judges,13,25,,,,
Bible,Judges,14,20,,,,
Bible,Judges,15,20,,,,
Bible,Judges,16,31,,,,
Bible,Judges,17,13,,,,
Bible,Judges,18,31,,,,
Bible,Judges,19,30,,,,
Bible,Judges,20,48,,,,
Bible,Judges,21,25,,,,
Bible,I Samuel,1,28,,,,
Bible,I Samuel,2,36,,,,
Bible,I Samuel,3,21,,,,
Bible,I Samuel,4,22,,,,
Bible,I Samuel,5,12,,,,
Bible,I Samuel,6,21,,,,
Bible,I Samuel,7,17,,,,
Bible,I Samuel,8,22,,,,
Bible,I Samuel,9,27,,,,
Bible,I Samuel,10,27,,,,
Bible,I Samuel,11,15,,,,
Bible,I Samuel,12,25,,,,
Bible,I Samuel,13,23,,,,
Bible,I Samuel,14,52,,,,
Bible,I Samuel,15,35,,,,
Bible,I Samuel,16,23,,,,
Bible,I Samuel,17,58,,,,
Bible,I Samuel,18,30,,,,
Bible,I Samuel,19,24,,,,
Bible,I Samuel,20,42,,,,
Bible,I Samuel,21,16,,,,
Bible,I Samuel,22,23,,,,
Bible,I Samuel,23,28,,,,
Bible,I Samuel,24,23,,,,
Bible,I Samuel,25,44,,,,
Bible,I Samuel,26,25,,,,
Bible,I Samuel,27,12,,,,
Bible,I Samuel,28,25,,,,
Bible,I Samuel,29,11,,,,
Bible,I Samuel,30,31,,,,
Bible,I Samuel,31,13,,,,
Bible,II Samuel,1,27,,,,
Bible,II Samuel,2,32,,,,
Bible,II Samuel,3,39,,,,
Bible,II Samuel,4,12,,,,
Bible,II Samuel,5,25,,,,
Bible,II Samuel,6,23,,,,
Bible,II Samuel,7,29,,,,
Bible,II Samuel,8,18,,,,
Bible,II Samuel,9,13,,,,
Bible,II Samuel,10,19,,,,
Bible,II Samuel,11,27,,,,
Bible,II Samuel,12,31,,,,
Bible,II Samuel,13,39,,,,
Bible,II Samuel,14,33,,,,
Bible,II Samuel,15,37,,,,
Bible,II Samuel,16,23,,,,
Bible,II Samuel,17,29,,,,
Bible,II Samuel,18,32,,,,
Bible,II Samuel,19,44,,,,
Bible,II Samuel,20,26,,,,
Bible,II Samuel,21,22,,,,
Bible,II Samuel,22,51,,,,
Bible,II Samuel,23,39,,,,
Bible,II Samuel,24,25,,,,
Bible,I Kings,1,53,,,,
Bible,I Kings,2,46,,,,
Bible,I Kings,3,28,,,,
Bible,I Kings,4,20,,,,
Bible,I Kings,5,32,,,,
Bible,I Kings,6,38,,,,
Bible,I Kings,7,51,,,,
Bible,I Kings,8,66,,,,
Bible,I Kings,9,28,,,,
Bible,I Kings,10,29,,,,
Bible,I Kings,11,43,,,,
Bible,I Kings,12,33,,,,
Bible,I Kings,13,34,,,,
Bible,I Kings,14,31,,,,
Bible,I Kings,15,34,,,,
Bible,I Kings,16,34,,,,
Bible,I Kings,17,24,,,,
Bible,I Kings,18,46,,,,
Bible,I Kings,19,21,,,,
Bible,I Kings,20,43,,,,
Bible,I Kings,21,29,,,,
Bible,I Kings,22,54,,,,
Bible,II Kings,1,18,,,,
Bible,II Kings,2,25,,,,
Bible,II Kings,3,27,,,,
Bible,II Kings,4,44,,,,
Bible,II Kings,5,27,,,,
Bible,II Kings,6,33,,,,
Bible,II Kings,7,20,,,,
Bible,II Kings,8,29,,,,
Bible,II Kings,9,37,,,,
Bible,II Kings,10,36,,,,
Bible,II Kings,11,20,,,,
Bible,II Kings,12,22,,,,
Bible,II Kings,13,25,,,,
Bible,II Kings,14,29,,,,
Bible,II Kings,15,38,,,,
Bible,II Kings,16,20,,,,
Bible,II Kings,17,41,,,,
Bible,II Kings,18,37,,,,
Bible,II Kings,19,37,,,,
Bible,II Kings,20,21,,,,
Bible,II Kings,21,26,,,,
Bible,II Kings,22,20,,,,
Bible,II Kings,23,37,,,,
Bible,II Kings,24,20,,,,
Bible,II Kings,25,30,,,,
Bible,Isaiah,1,31,,,,
Bible,Isaiah,2,22,,,,
Bible,Isaiah,3,26,,,,
Bible,Isaiah,4,6,,,,
Bible,Isaiah,5,30,,,,
Bible,Isaiah,6,13,,,,
Bible,Isaiah,7,25,,,,
Bible,Isaiah,8,23,,,,
Bible,Isaiah,9,20,,,,
Bible,Isaiah,10,34,,,,
Bible,Isaiah,11,16,,,,
Bible,Isaiah,12,6,,,,
Bible,Isaiah,13,22,,,,
Bible,Isaiah,14,32,,,,
Bible,Isaiah,15,9,,,,
Bible,Isaiah,16,14,,,,
Bible,Isaiah,17,14,,,,
Bible,Isaiah,18,7,,,,
Bible,Isaiah,19,25,,,,
Bible,Isaiah,20,6,,,,
Bible,Isaiah,21,17,,,,
Bible,Isaiah,22,25,,,,
Bible,Isaiah,23,18,,,,
Bible,Isaiah,24,23,,,,
Bible,Isaiah,25,12,,,,
Bible,Isaiah,26,21,,,,
Bible,Isaiah,27,13,,,,
Bible,Isaiah,28,29,,,,
Bible,Isaiah,29,24,,,,
Bible,Isaiah,30,33,,,,
Bible,Isaiah,31,9,,,,
Bible,Isaiah,32,20,,,,
Bible,Isaiah,33,24,,,,
Bible,Isaiah,34,17,,,,
Bible,Isaiah,35,10,,,,
Bible,Isaiah,36,22,,,,
Bible,Isaiah,37,38,,,,
Bible,Isaiah,38,22,,,,
Bible,Isaiah,39,8,,,,
Bible,Isaiah,40,31,,,,
Bible,Isaiah,41,29,,,,
Bible,Isaiah,42,25,,,,
Bible,Isaiah,43,28,,,,
Bible,Isaiah,44,28,,,,
Bible,Isaiah,45,25,,,,
Bible,Isaiah,46,13,,,,
Bible,Isaiah,47,15,,,,
Bible,Isaiah,48,22,,,,
Bible,Isaiah,49,26,,,,
Bible,Isaiah,50,11,,,,
Bible,Isaiah,51,23,,,,
Bible,Isaiah,52,15,,,,
Bible,Isaiah,53,12,,,,
Bible,Isaiah,54,17,,,,
Bible,Isaiah,55,13,,,,
Bible,Isaiah,56,12,,,,
Bible,Isaiah,57,21,,,,
Bible,Isaiah,58,14,,,,
Bible,Isaiah,59,21,,,,
Bible,Isaiah,60,22,,,,
Bible,Isaiah,61,11,,,,
Bible,Isaiah,62,12,,,,
Bible,Isaiah,63,19,,,,
Bible,Isaiah,64,11,,,,
Bible,Isaiah,65,25,,,,
Bible,Isaiah,66,24,,,,
Bible,Jeremiah,1,19,,,,
Bible,Jeremiah,2,37,,,,
Bible,Jeremiah,3,25,,,,
Bible,Jeremiah,4,31,,,,
Bible,Jeremiah,5,31,,,,
Bible,Jeremiah,6,30,,,,
Bible,Jeremiah,7,34,,,,
Bible,Jeremiah,8,23,,,,
Bible,Jeremiah,9,25,,,,
Bible,Jeremiah,10,25,,,,
Bible,Jeremiah,11,23,,,,
Bible,Jeremiah,12,17,,,,
Bible,Jeremiah,13,27,,,,
Bible,Jeremiah,14,22,,,,
Bible,Jeremiah,15,21,,,,
Bible,Jeremiah,16,21,,,,
Bible,Jeremiah,17,27,,,,
Bible,Jeremiah,18,23,,,,
Bible,Jeremiah,19,15,,,,
Bible,Jeremiah,20,18,,,,
Bible,Jeremiah,21,14,,,,
Bible,Jeremiah,22,30,,,,
Bible,Jeremiah,23,40,,,,
Bible,Jeremiah,24,10,,,,
Bible,Jeremiah,25,38,,,,
Bible,Jeremiah,26,24,,,,
Bible,Jeremiah,27,22,,,,
Bible,Jeremiah,28,17,,,,
Bible,Jeremiah,29,32,,,,
Bible,Jeremiah,30,24,,,,
Bible,Jeremiah,31,40,,,,
Bible,Jeremiah,32,44,,,,
Bible,Jeremiah,33,26,,,,
Bible,Jeremiah,34,22,,,,
Bible,Jeremiah,35,19,,,,
Bible,Jeremiah,36,32,,,,
Bible,Jeremiah,37,21,,,,
Bible,Jeremiah,38,28,,,,
Bible,Jeremiah,39,18,,,,
Bible,Jeremiah,40,16,,,,
Bible,Jeremiah,41,18,,,,
Bible,Jeremiah,42,22,,,,
Bible,Jeremiah,43,13,,,,
Bible,Jeremiah,44,30,,,,
Bible,Jeremiah,45,5,,,,
Bible,Jeremiah,46,28,,,,
Bible,Jeremiah,47,7,,,,
Bible,Jeremiah,48,47,,,,
Bible,Jeremiah,49,39,,,,
Bible,Jeremiah,50,46,,,,
Bible,Jeremiah,51,64,,,,
Bible,Jeremiah,52,34,,,,
Bible,Ezekiel,1,28,,,,
Bible,Ezekiel,2,10,,,,
Bible,Ezekiel,3,27,,,,
Bible,Ezekiel,4,17,,,,
Bible,Ezekiel,5,17,,,,
Bible,Ezekiel,6,14,,,,
Bible,Ezekiel,7,27,,,,
Bible,Ezekiel,8,18,,,,
Bible,Ezekiel,9,11,,,,
Bible,Ezekiel,10,22,,,,
Bible,Ezekiel,11,25,,,,
Bible,Ezekiel,12,28,,,,
Bible,Ezekiel,13,23,,,,
Bible,Ezekiel,14,23,,,,
Bible,Ezekiel,15,8,,,,
Bible,Ezekiel,16,63,,,,
Bible,Ezekiel,17,24,,,,
Bible,Ezekiel,18,32,,,,
Bible,Ezekiel,19,14,,,,
Bible,Ezekiel,20,44,,,,
Bible,Ezekiel,21,37,,,,
Bible,Ezekiel,22,31,,,,
Bible,Ezekiel,23,49,,,,
Bible,Ezekiel,24,27,,,,
Bible,Ezekiel,25,17,,,,
Bible,Ezekiel,26,21,,,,
Bible,Ezekiel,27,36,,,,
Bible,Ezekiel,28,26,,,,
Bible,Ezekiel,29,21,,,,
Bible,Ezekiel,30,26,,,,
Bible,Ezekiel,31,18,,,,
Bible,Ezekiel,32,32,,,,
Bible,Ezekiel,33,33,,,,
Bible,Ezekiel,34,31,,,,
Bible,Ezekiel,35,15,,,,
Bible,Ezekiel,36,38,,,,
Bible,Ezekiel,37,28,,,,
Bible,Ezekiel,38,23,,,,
Bible,Ezekiel,39,29,,,,
Bible,Ezekiel,40,49,,,,
Bible,Ezekiel,41,26,,,,
Bible,Ezekiel,42,20,,,,
Bible,Ezekiel,43,27,,,,
Bible,Ezekiel,44,31,,,,
Bible,Ezekiel,45,25,,,,
Bible,Ezekiel,46,24,,,,
Bible,Ezekiel,47,23,,,,
Bible,Ezekiel,48,35,,,,
Bible,Hosea,1,9,,,,
Bible,Hosea,2,25,,,,
Bible,Hosea,3,5,,,,
Bible,Hosea,4,19,,,,
Bible,Hosea,5,15,,,,
Bible,Hosea,6,11,,,,
Bible,Hosea,7,16,,,,
Bible,Hosea,8,14,,,,
Bible,Hosea,9,17,,,,
Bible,Hosea,10,15,,,,
Bible,Hosea,11,11,,,,
Bible,Hosea,12,15,,,,
Bible,Hosea,13,15,,,,
Bible,Hosea,14,10,,,,
Bible,Joel,1,20,,,,
Bible,Joel,2,27,,,,
Bible,Joel,3,5,,,,
Bible,Joel,4,21,,,,
Bible,Amos,1,15,,,,
Bible,Amos,2,16,,,,
Bible,Amos,3,15,,,,
Bible,Amos,4,13,,,,
Bible,Amos,5,27,,,,
Bible,Amos,6,14,,,,
Bible,Amos,7,17,,,,
Bible,Amos,8,14,,,,
Bible,Amos,9,15,,,,
Bible,Obadiah,1,21,,,,
Bible,Jonah,1,16,,,,
Bible,Jonah,2,11,,,,
Bible,Jonah,3,10,,,,
Bible,Jonah,4,11,,,,
Bible,Micah,1,16,,,,
Bible,Micah,2,13,,,,
Bible,Micah,3,12,,,,
Bible,Micah,4,14,,,,
Bible,Micah,5,14,,,,
Bible,Micah,6,16,,,,
Bible,Micah,7,20,,,,
Bible,Nahum,1,14,,,,
Bible,Nahum,2,14,,,,
Bible,Nahum,3,19,,,,
Bible,Habakkuk,1,17,,,,
Bible,Habakkuk,2,20,,,,
Bible,Habakkuk,3,19,,,,
Bible,Zephaniah,1,18,,,,
Bible,Zephaniah,2,15,,,,
Bible,Zephaniah,3,20,,,,
Bible,Haggai,1,15,,,,
Bible,Haggai,2,23,,,,
Bible,Zechariah,1,17,,,,
Bible,Zechariah,2,17,,,,
Bible,Zechariah,3,10,,,,
Bible,Zechariah,4,14,,,,
Bible,Zechariah,5,11,,,,
Bible,Zechariah,6,15,,,,
Bible,Zechariah,7,14,,,,
Bible,Zechariah,8,23,,,,
Bible,Zechariah,9,17,,,,
Bible,Zechariah,10,12,,,,
Bible,Zechariah,11,17,,,,
Bible,Zechariah,12,14,,,,
Bible,Zechariah,13,9,,,,
Bible,Zechariah,14,21,,,,
Bible,Malachi,1,14,,,,
Bible,Malachi,2,17,,,,
Bible,Malachi,3,24,,,,
Bible,Psalms,1,6,,,,
Bible,Psalms,2,12,,,,
Bible,Psalms,3,9,,,,
Bible,Psalms,4,9,,,,
Bible,Psalms,5,13,,,,
Bible,Psalms,6,11,,,,
Bible,Psalms,7,18,,,,
Bible,Psalms,8,10,,,,
Bible,Psalms,9,21,,,,
Bible,Psalms,10,18,,,,
Bible,Psalms,11,7,,,,
Bible,Psalms,12,9,,,,
Bible,Psalms,13,6,,,,
Bible,Psalms,14,7,,,,
Bible,Psalms,15,5,,,,
Bible,Psalms,16,11,,,,
Bible,Psalms,17,15,,,,
Bible,Psalms,18,51,,,,
Bible,Psalms,19,15,,,,
Bible,Psalms,20,10,,,,
Bible,Psalms,21,14,,,,
Bible,Psalms,22,32,,,,
Bible,Psalms,23,6,,,,
Bible,Psalms,24,10,,,,
Bible,Psalms,25,22,,,,
Bible,Psalms,26,12,,,,
Bible,Psalms,27,14,,,,
Bible,Psalms,28,9,,,,
Bible,Psalms,29,11,,,,
Bible,Psalms,30,13,,,,
Bible,Psalms,31,25,,,,
Bible,Psalms,32,11,,,,
Bible,Psalms,33,22,,,,
Bible,Psalms,34,23,,,,
Bible,Psalms,35,28,,,,
Bible,Psalms,36,13,,,,
Bible,Psalms,37,40,,,,
Bible,Psalms,38,23,,,,
Bible,Psalms,39,14,,,,
Bible,Psalms,40,18,,,,
Bible,Psalms,41,14,,,,
Bible,Psalms,42,12,,,,
Bible,Psalms,43,5,,,,
Bible,Psalms,44,27,,,,
Bible,Psalms,45,18,,,,
Bible,Psalms,46,12,,,,
Bible,Psalms,47,10,,,,
Bible,Psalms,48,15,,,,
Bible,Psalms,49,21,,,,
Bible,Psalms,50,23,,,,
Bible,Psalms,51,21,,,,
Bible,Psalms,52,11,,,,
Bible,Psalms,53,7,,,,
Bible,Psalms,54,9,,,,
Bible,Psalms,55,24,,,,
Bible,Psalms,56,14,,,,
Bible,Psalms,57,12,,,,
Bible,Psalms,58,12,,,,
Bible,Psalms,59,18,,,,
Bible,Psalms,60,14,,,,
Bible,Psalms,61,9,,,,
Bible,Psalms,62,13,,,,
Bible,Psalms,63,12,,,,
Bible,Psalms,64,11,,,,
Bible,Psalms,65,14,,,,
Bible,Psalms,66,20,,,,
Bible,Psalms,67,8,,,,
Bible,Psalms,68,36,,,,
Bible,Psalms,69,37,,,,
Bible,Psalms,70,6,,,,
Bible,Psalms,71,24,,,,
Bible,Psalms,72,20,,,,
Bible,Psalms,73,28,,,,
Bible,Psalms,74,23,,,,
Bible,Psalms,75,11,,,,
Bible,Psalms,76,13,,,,
Bible,Psalms,77,21,,,,
Bible,Psalms,78,72,,,,
Bible,Psalms,79,13,,,,
Bible,Psalms,80,20,,,,
Bible,Psalms,81,17,,,,
Bible,Psalms,82,8,,,,
Bible,Psalms,83,19,,,,
Bible,Psalms,84,13,,,,
Bible,Psalms,85,14,,,,
Bible,Psalms,86,17,,,,
Bible,Psalms,87,7,,,,
Bible,Psalms,88,19,,,,
Bible,Psalms,89,53,,,,
Bible,Psalms,90,17,,,,
Bible,Psalms,91,16,,,,
Bible,Psalms,92,16,,,,
Bible,Psalms,93,5,,,,
Bible,Psalms,94,23,,,,
Bible,Psalms,95,11,,,,
Bible,Psalms,96,13,,,,
Bible,Psalms,97,12,,,,
Bible,Psalms,98,9,,,,
Bible,Psalms,99,9,,,,
Bible,Psalms,100,5,,,,
Bible,Psalms,101,8,,,,
Bible,Psalms,102,29,,,,
Bible,Psalms,103,22,,,,
Bible,Psalms,104,35,,,,
Bible,Psalms,105,45,,,,
Bible,Psalms,106,48,,,,
Bible,Psalms,107,43,,,,
Bible,Psalms,108,14,,,,
Bible,Psalms,109,31,,,,
Bible,Psalms,110,7,,,,
Bible,Psalms,111,10,,,,
Bible,Psalms,112,10,,,,
Bible,Psalms,113,9,,,,
Bible,Psalms,114,8,,,,
Bible,Psalms,115,18,,,,
Bible,Psalms,116,19,,,,
Bible,Psalms,117,2,,,,
Bible,Psalms,118,29,,,,
Bible,Psalms,119,176,,,,
Bible,Psalms,120,7,,,,
Bible,Psalms,121,8,,,,
Bible,Psalms,122,9,,,,
Bible,Psalms,123,4,,,,
Bible,Psalms,124,8,,,,
Bible,Psalms,125,5,,,,
Bible,Psalms,126,6,,,,
Bible,Psalms,127,5,,,,
Bible,Psalms,128,6,,,,
Bible,Psalms,129,8,,,,
Bible,Psalms,130,8,,,,
Bible,Psalms,131,3,,,,
Bible,Psalms,132,18,,,,
Bible,Psalms,133,3,,,,
Bible,Psalms,134,3,,,,
Bible,Psalms,135,21,,,,
Bible,Psalms,136,26,,,,
Bible,Psalms,137,9,,,,
Bible,Psalms,138,8,,,,
Bible,Psalms,139,24,,,,
Bible,Psalms,140,14,,,,
Bible,Psalms,141,10,,,,
Bible,Psalms,142,8,,,,
Bible,Psalms,143,12,,,,
Bible,Psalms,144,15,,,,
Bible,Psalms,145,21,,,,
Bible,Psalms,146,10,,,,
Bible,Psalms,147,20,,,,
Bible,Psalms,148,14,,,,
Bible,Psalms,149,9,,,,
Bible,Psalms,150,6,,,,
Bible,Proverbs,1,33,,,,
Bible,Proverbs,2,22,,,,
Bible,Proverbs,3,35,,,,
Bible,Proverbs,4,27,,,,
Bible,Proverbs,5,23,,,,
Bible,Proverbs,6,35,,,,
Bible,Proverbs,7,27,,,,
Bible,Proverbs,8,36,,,,
Bible,Proverbs,9,18,,,,
Bible,Proverbs,10,32,,,,
Bible,Proverbs,11,31,,,,
Bible,Proverbs,12,28,,,,
Bible,Proverbs,13,25,,,,
Bible,Proverbs,14,35,,,,
Bible,Proverbs,15,33,,,,
Bible,Proverbs,16,33,,,,
Bible,Proverbs,17,28,,,,
Bible,Proverbs,18,24,,,,
Bible,Proverbs,19,29,,,,
Bible,Proverbs,20,30,,,,
Bible,Proverbs,21,31,,,,
Bible,Proverbs,22,29,,,,
Bible,Proverbs,23,35,,,,
Bible,Proverbs,24,34,,,,
Bible,Proverbs,25,28,,,,
Bible,Proverbs,26,28,,,,
Bible,Proverbs,27,27,,,,
Bible,Proverbs,28,28,,,,
Bible,Proverbs,29,27,,,,
Bible,Proverbs,30,33,,,,
Bible,Proverbs,31,31,,,,
Bible,Job,1,22,,,,
Bible,Job,2,13,,,,
Bible,Job,3,26,,,,
Bible,Job,4,21,,,,
Bible,Job,5,27,,,,
Bible,Job,6,30,,,,
Bible,Job,7,21,,,,
Bible,Job,8,22,,,,
Bible,Job,9,35,,,,
Bible,Job,10,22,,,,
Bible,Job,11,20,,,,
Bible,Job,12,25,,,,
Bible,Job,13,28,,,,
Bible,Job,14,22,,,,
Bible,Job,15,35,,,,
Bible,Job,16,22,,,,
Bible,Job,17,16,,,,
Bible,Job,18,21,,,,
Bible,Job,19,29,,,,
Bible,Job,20,29,,,,
Bible,Job,21,34,,,,
Bible,Job,22,30,,,,
Bible,Job,23,17,,,,
Bible,Job,24,25,,,,
Bible,Job,25,6,,,,
Bible,Job,26,14,,,,
Bible,Job,27,23,,,,
Bible,Job,28,28,,,,
Bible,Job,29,25,,,,
Bible,Job,30,31,,,,
Bible,Job,31,40,,,,
Bible,Job,32,22,,,,
Bible,Job,33,33,,,,
Bible,Job,34,37,,,,
Bible,Job,35,16,,,,
Bible,Job,36,33,,,,
Bible,Job,37,24,,,,
Bible,Job,38,41,,,,
Bible,Job,39,30,,,,
Bible,Job,40,32,,,,
Bible,Job,41,26,,,,
Bible,Job,42,17,,,,
Bible,Song of Songs,1,17,,,,
Bible,Song of Songs,2,17,,,,
Bible,Song of Songs,3,11,,,,
Bible,Song of Songs,4,16,,,,
Bible,Song of Songs,5,16,,,,
Bible,Song of Songs,6,12,,,,
Bible,Song of Songs,7,14,,,,
Bible,Song of Songs,8,14,,,,
Bible,Ruth,1,22,,,,
Bible,Ruth,2,23,,,,
Bible,Ruth,3,18,,,,
Bible,Ruth,4,22,,,,
Bible,Lamentations,1,22,,,,
Bible,Lamentations,2,22,,,,
Bible,Lamentations,3,66,,,,
Bible,Lamentations,4,22,,,,
Bible,Lamentations,5,22,,,,
Bible,Ecclesiastes,1,18,,,,
Bible,Ecclesiastes,2,26,,,,
Bible,Ecclesiastes,3,22,,,,
Bible,Ecclesiastes,4,17,,,,
Bible,Ecclesiastes,5,19,,,,
Bible,Ecclesiastes,6,12,,,,
Bible,Ecclesiastes,7,29,,,,
Bible,Ecclesiastes,8,17,,,,
Bible,Ecclesiastes,9,18,,,,
Bible,Ecclesiastes,10,20,,,,
Bible,Ecclesiastes,11,10,,,,
Bible,Ecclesiastes,12,14,,,,
Bible,Esther,1,22,,,,
Bible,Esther,2,23,,,,
Bible,Esther,3,15,,,,
Bible,Esther,4,17,,,,
Bible,Esther,5,14,,,,
Bible,Esther,6,14,,,,
Bible,Esther,7,10,,,,
Bible,Esther,8,17,,,,
Bible,Esther,9,32,,,,
Bible,Esther,10,3,,,,
Bible,Daniel,1,21,,,,
Bible,Daniel,2,49,,,,
Bible,Daniel,3,33,,,,
Bible,Daniel,4,34,,,,
Bible,Daniel,5,30,,,,
Bible,Daniel,6,29,,,,
Bible,Daniel,7,28,,,,
Bible,Daniel,8,27,,,,
Bible,Daniel,9,27,,,,
Bible,Daniel,10,21,,,,
Bible,Daniel,11,45,,,,
Bible,Daniel,12,13,,,,
Bible,Ezra,1,11,,,,
Bible,Ezra,2,70,,,,
Bible,Ezra,3,13,,,,
Bible,Ezra,4,24,,,,
Bible,Ezra,5,17,,,,
Bible,Ezra,6,22,,,,
Bible,Ezra,7,28,,,,
Bible,Ezra,8,36,,,,
Bible,Ezra,9,15,,,,
Bible,Ezra,10,44,,,,
Bible,Nehemiah,1,11,,,,
Bible,Nehemiah,2,20,,,,
Bible,Nehemiah,3,38,,,,
Bible,Nehemiah,4,17,,,,
Bible,Nehemiah,5,19,,,,
Bible,Nehemiah,6,19,,,,
Bible,Nehemiah,7,72,,,,
Bible,Nehemiah,8,18,,,,
Bible,Nehemiah,9,37,,,,
Bible,Nehemiah,10,40,,,,
Bible,Nehemiah,11,36,,,,
Bible,Nehemiah,12,47,,,,
Bible,Nehemiah,13,31,,,,
Bible,I Chronicles,1,54,,,,
Bible,I Chronicles,2,55,,,,
Bible,I Chronicles,3,24,,,,
Bible,I Chronicles,4,43,,,,
Bible,I Chronicles,5,41,,,,
Bible,I Chronicles,6,66,,,,
Bible,I Chronicles,7,40,,,,
Bible,I Chronicles,8,40,,,,
Bible,I Chronicles,9,44,,,,
Bible,I Chronicles,10,14,,,,
Bible,I Chronicles,11,47,,,,
Bible,I Chronicles,12,41,,,,
Bible,I Chronicles,13,14,,,,
Bible,I Chronicles,14,17,,,,
Bible,I Chronicles,15,29,,,,
Bible,I Chronicles,16,43,,,,
Bible,I Chronicles,17,27,,,,
Bible,I Chronicles,18,17,,,,
Bible,I Chronicles,19,19,,,,
Bible,I Chronicles,20,8,,,,
Bible,I Chronicles,21,30,,,,
Bible,I Chronicles,22,19,,,,
Bible,I Chronicles,23,32,,,,
Bible,I Chronicles,24,31,,,,
Bible,I Chronicles,25,31,,,,
Bible,I Chronicles,26,32,,,,
Bible,I Chronicles,27,34,,,,
Bible,I Chronicles,28,21,,,,
Bible,I Chronicles,29,30,,,,
Bible,II Chronicles,1,18,,,,
Bible,II Chronicles,2,17,,,,
Bible,II Chronicles,3,17,,,,
Bible,II Chronicles,4,22,,,,
Bible,II Chronicles,5,14,,,,
Bible,II Chronicles,6,42,,,,
Bible,II Chronicles,7,22,,,,
Bible,II Chronicles,8,18,,,,
Bible,II Chronicles,9,31,,,,
Bible,II Chronicles,10,19,,,,
Bible,II Chronicles,11,23,,,,
Bible,II Chronicles,12,16,,,,
Bible,II Chronicles,13,23,,,,
Bible,II Chronicles,14,14,,,,
Bible,II Chronicles,15,19,,,,
Bible,II Chronicles,16,14,,,,
Bible,II Chronicles,17,19,,,,
Bible,II Chronicles,18,34,,,,
Bible,II Chronicles,19,11,,,,
Bible,II Chronicles,20,37,,,,
Bible,II Chronicles,21,20,,,,
Bible,II Chronicles,22,12,,,,
Bible,II Chronicles,23,21,,,,
Bible,II Chronicles,24,27,,,,
Bible,II Chronicles,25,28,,,,
Bible,II Chronicles,26,23,,,,
Bible,II Chronicles,27,9,,,,
Bible,II Chronicles,28,27,,,,
Bible,II Chronicles,29,36,,,,
Bible,II Chronicles,30,27,,,,
Bible,II Chronicles,31,21,,,,
Bible,II Chronicles,32,33,,,,
Bible,II Chronicles,33,25,,,,
Bible,II Chronicles,34,33,,,,
Bible,II Chronicles,35,27,,,,
Bible,II Chronicles,36,23,,,,
Mishnah,Berachot,1,5,,,,
Mishnah,Berachot,2,8,,,,
Mishnah,Berachot,3,6,,,,
Mishnah,Berachot,4,7,,,,
Mishnah,Berachot,5,5,,,,
Mishnah,Berachot,6,8,,,,
Mishnah,Berachot,7,5,,,,
Mishnah,Berachot,8,8,,,,
Mishnah,Berachot,9,5,,,,
Mishnah,Peah,1,6,,,,
Mishnah,Peah,2,8,,,,
Mishnah,Peah,3,8,,,,
Mishnah,Peah,4,11,,,,
Mishnah,Peah,5,8,,,,
Mishnah,Peah,6,11,,,,
Mishnah,Peah,7,8,,,,
Mishnah,Peah,8,9,,,,
Mishnah,Damai,1,4,,,,
Mishnah,Damai,2,5,,,,
Mishnah,Damai,3,6,,,,
Mishnah,Damai,4,7,,,,
Mishnah,Damai,5,11,,,,
Mishnah,Damai,6,12,,,,
Mishnah,Damai,7,8,,,,
Mishnah,Kilaim,1,9,,,,
Mishnah,Kilaim,2,11,,,,
Mishnah,Kilaim,3,7,,,,
Mishnah,Kilaim,4,9,,,,
Mishnah,Kilaim,5,8,,,,
Mishnah,Kilaim,6,9,,,,
Mishnah,Kilaim,7,8,,,,
Mishnah,Kilaim,8,6,,,,
Mishnah,Kilaim,9,10,,,,
Mishnah,Sheviit,1,8,,,,
Mishnah,Sheviit,2,10,,,,
Mishnah,Sheviit,3,10,,,,
Mishnah,Sheviit,4,10,,,,
Mishnah,Sheviit,5,9,,,,
Mishnah,Sheviit,6,6,,,,
Mishnah,Sheviit,7,7,,,,
Mishnah,Sheviit,8,11,,,,
Mishnah,Sheviit,9,9,,,,
Mishnah,Sheviit,10,9,,,,
Mishnah,Terumot,1,10,,,,
Mishnah,Terumot,2,6,,,,
Mishnah,Terumot,3,9,,,,
Mishnah,Terumot,4,13,,,,
Mishnah,Terumot,5,9,,,,
Mishnah,Terumot,6,6,,,,
Mishnah,Terumot,7,7,,,,
Mishnah,Terumot,8,12,,,,
Mishnah,Terumot,9,7,,,,
Mishnah,Terumot,10,12,,,,
Mishnah,Terumot,11,10,,,,
Mishnah,Maserot,1,8,,,,
Mishnah,Maserot,2,8,,,,
Mishnah,Maserot,3,10,,,,
Mishnah,Maserot,4,6,,,,
Mishnah,Maserot,5,8,,,,
Mishnah,Maser Sheni,1,7,,,,
Mishnah,Maser Sheni,2,10,,,,
Mishnah,Maser Sheni,3,13,,,,
Mishnah,Maser Sheni,4,12,,,,
Mishnah,Maser Sheni,5,15,,,,
Mishnah,Chalah,1,9,,,,
Mishnah,Chalah,2,8,,,,
Mishnah,Chalah,3,10,,,,
Mishnah,Chalah,4,11,,,,
Mishnah,Orlah,1,9,,,,
Mishnah,Orlah,2,17,,,,
Mishnah,Orlah,3,9,,,,
Mishnah,Bikurim,1,11,,,,
Mishnah,Bikurim,2,11,,,,
Mishnah,Bikurim,3,12,,,,
Mishnah,Bikurim,4,5,,,,
Mishnah,Shabbat,1,11,,,,
Mishnah,Shabbat,2,7,,,,
Mishnah,Shabbat,3,6,,,,
Mishnah,Shabbat,4,2,,,,
Mishnah,Shabbat,5,4,,,,
Mishnah,Shabbat,6,10,,,,
Mishnah,Shabbat,7,4,,,,
Mishnah,Shabbat,8,7,,,,
Mishnah,Shabbat,9,7,,,,
Mishnah,Shabbat,10,6,,,,
Mishnah,Shabbat,11,6,,,,
Mishnah,Shabbat,12,6,,,,
Mishnah,Shabbat,13,7,,,,
Mishnah,Shabbat,14,4,,,,
Mishnah,Shabbat,15,3,,,,
Mishnah,Shabbat,16,8,,,,
Mishnah,Shabbat,17,8,,,,
Mishnah,Shabbat,18,3,,,,
Mishnah,Shabbat,19,6,,,,
Mishnah,Shabbat,20,5,,,,
Mishnah,Shabbat,21,3,,,,
Mishnah,Shabbat,22,6,,,,
Mishnah,Shabbat,23,5,,,,
Mishnah,Shabbat,24,5,,,,
Mishnah,Eruvin,1,10,,,,
Mishnah,Eruvin,2,6,,,,
Mishnah,Eruvin,3,9,,,,
Mishnah,Eruvin,4,11,,,,
Mishnah,Eruvin,5,9,,,,
Mishnah,Eruvin,6,10,,,,
Mishnah,Eruvin,7,11,,,,
Mishnah,Eruvin,8,11,,,,
Mishnah,Eruvin,9,4,,,,
Mishnah,Eruvin,10,15,,,,
Mishnah,Psachim,1,7,,,,
Mishnah,Psachim,2,8,,,,
Mishnah,Psachim,3,8,,,,
Mishnah,Psachim,4,9,,,,
Mishnah,Psachim,5,10,,,,
Mishnah,Psachim,6,6,,,,
Mishnah,Psachim,7,13,,,,
Mishnah,Psachim,8,8,,,,
Mishnah,Psachim,9,11,,,,
Mishnah,Psachim,10,9,,,,
Mishnah,Shekalim,1,7,,,,
Mishnah,Shekalim,2,5,,,,
Mishnah,Shekalim,3,4,,,,
Mishnah,Shekalim,4,9,,,,
Mishnah,Shekalim,5,6,,,,
Mishnah,Shekalim,6,6,,,,
Mishnah,Shekalim,7,7,,,,
Mishnah,Shekalim,8,8,,,,
Mishnah,Yoma,1,8,,,,
Mishnah,Yoma,2,7,,,,
Mishnah,Yoma,3,11,,,,
Mishnah,Yoma,4,6,,,,
Mishnah,Yoma,5,7,,,,
Mishnah,Yoma,6,8,,,,
Mishnah,Yoma,7,5,,,,
Mishnah,Yoma,8,9,,,,
Mishnah,Sukkah,1,11,,,,
Mishnah,Sukkah,2,9,,,,
Mishnah,Sukkah,3,15,,,,
Mishnah,Sukkah,4,10,,,,
Mishnah,Sukkah,5,8,,,,
Mishnah,Beitzah,1,10,,,,
Mishnah,Beitzah,2,10,,,,
Mishnah,Beitzah,3,8,,,,
Mishnah,Beitzah,4,7,,,,
Mishnah,Beitzah,5,7,,,,
Mishnah,Rosh HaShanah,1,9,,,,
Mishnah,Rosh HaShanah,2,8,,,,
Mishnah,Rosh HaShanah,3,9,,,,
Mishnah,Rosh HaShanah,4,9,,,,
Mishnah,Taanit,1,7,,,,
Mishnah,Taanit,2,10,,,,
Mishnah,Taanit,3,9,,,,
Mishnah,Taanit,4,8,,,,
Mishnah,Megilah,1,11,,,,
Mishnah,Megilah,2,6,,,,
Mishnah,Megilah,3,6,,,,
Mishnah,Megilah,4,10,,,,
Mishnah,Moed Kattan,1,10,,,,
Mishnah,Moed Kattan,2,5,,,,
Mishnah,Moed Kattan,3,9,,,,
Mishnah,Chaggigah,1,8,,,,
Mishnah,Chaggigah,2,7,,,,
Mishnah,Chaggigah,3,8,,,,
Mishnah,Yevamot,1,4,,,,
Mishnah,Yevamot,2,10,,,,
Mishnah,Yevamot,3,10,,,,
Mishnah,Yevamot,4,13,,,,
Mishnah,Yevamot,5,6,,,,
Mishnah,Yevamot,6,6,,,,
Mishnah,Yevamot,7,6,,,,
Mishnah,Yevamot,8,6,,,,
Mishnah,Yevamot,9,6,,,,
Mishnah,Yevamot,10,9,,,,
Mishnah,Yevamot,11,7,,,,
Mishnah,Yevamot,12,6,,,,
Mishnah,Yevamot,13,13,,,,
Mishnah,Yevamot,14,9,,,,
Mishnah,Yevamot,15,10,,,,
Mishnah,Yevamot,16,7,,,,
Mishnah,Ketubot,1,10,,,,
Mishnah,Ketubot,2,10,,,,
Mishnah,Ketubot,3,9,,,,
Mishnah,Ketubot,4,12,,,,
Mishnah,Ketubot,5,9,,,,
Mishnah,Ketubot,6,7,,,,
Mishnah,Ketubot,7,10,,,,
Mishnah,Ketubot,8,8,,,,
Mishnah,Ketubot,9,9,,,,
Mishnah,Ketubot,10,6,,,,
Mishnah,Ketubot,11,6,,,,
Mishnah,Ketubot,12,4,,,,
Mishnah,Ketubot,13,11,,,,
Mishnah,Nedarim,1,4,,,,
Mishnah,Nedarim,2,5,,,,
Mishnah,Nedarim,3,11,,,,
Mishnah,Nedarim,4,8,,,,
Mishnah,Nedarim,5,6,,,,
Mishnah,Nedarim,6,10,,,,
Mishnah,Nedarim,7,9,,,,
Mishnah,Nedarim,8,7,,,,
Mishnah,Nedarim,9,10,,,,
Mishnah,Nedarim,10,8,,,,
Mishnah,Nedarim,11,12,,,,
Mishnah,Nazir,1,7,,,,
Mishnah,Nazir,2,10,,,,
Mishnah,Nazir,3,7,,,,
Mishnah,Nazir,4,7,,,,
Mishnah,Nazir,5,7,,,,
Mishnah,Nazir,6,11,,,,
Mishnah,Nazir,7,4,,,,
Mishnah,Nazir,8,2,,,,
Mishnah,Nazir,9,5,,,,
Mishnah,Sotah,1,9,,,,
Mishnah,Sotah,2,6,,,,
Mishnah,Sotah,3,8,,,,
Mishnah,Sotah,4,5,,,,
Mishnah,Sotah,5,5,,,,
Mishnah,Sotah,6,4,,,,
Mishnah,Sotah,7,8,,,,
Mishnah,Sotah,8,7,,,,
Mishnah,Sotah,9,15,,,,
Mishnah,Gittin,1,6,,,,
Mishnah,Gittin,2,7,,,,
Mishnah,Gittin,3,8,,,,
Mishnah,Gittin,4,9,,,,
Mishnah,Gittin,5,9,,,,
Mishnah,Gittin,6,7,,,,
Mishnah,Gittin,7,9,,,,
Mishnah,Gittin,8,10,,,,
Mishnah,Gittin,9,10,,,,
Mishnah,Kidushin,1,10,,,,
Mishnah,Kidushin,2,10,,,,
Mishnah,Kidushin,3,13,,,,
Mishnah,Kidushin,4,14,,,,
Mishnah,Bava Kamma,1,4,,,,
Mishnah,Bava Kamma,2,6,,,,
Mishnah,Bava Kamma,3,11,,,,
Mishnah,Bava Kamma,4,9,,,,
Mishnah,Bava Kamma,5,7,,,,
Mishnah,Bava Kamma,6,6,,,,
Mishnah,Bava Kamma,7,7,,,,
Mishnah,Bava Kamma,8,7,,,,
Mishnah,Bava Kamma,9,12,,,,
Mishnah,Bava Kamma,10,10,,,,
Mishnah,Bava Metzia,1,8,,,,
Mishnah,Bava Metzia,2,11,,,,
Mishnah,Bava Metzia,3,12,,,,
Mishnah,Bava Metzia,4,12,,,,
Mishnah,Bava Metzia,5,11,,,,
Mishnah,Bava Metzia,6,8,,,,
Mishnah,Bava Metzia,7,11,,,,
Mishnah,Bava Metzia,8,9,,,,
Mishnah,Bava Metzia,9,13,,,,
Mishnah,Bava Metzia,10,6,,,,
Mishnah,Bava Batra,1,6,,,,
Mishnah,Bava Batra,2,14,,,,
Mishnah,Bava Batra,3,8,,,,
Mishnah,Bava Batra,4,9,,,,
Mishnah,Bava Batra,5,11,,,,
Mishnah,Bava Batra,6,8,,,,
Mishnah,Bava Batra,7,4,,,,
Mishnah,Bava Batra,8,8,,,,
Mishnah,Bava Batra,9,10,,,,
Mishnah,Bava Batra,10,8,,,,
Mishnah,Sanhedrin,1,6,,,,
Mishnah,Sanhedrin,2,5,,,,
Mishnah,Sanhedrin,3,8,,,,
Mishnah,Sanhedrin,4,5,,,,
Mishnah,Sanhedrin,5,5,,,,
Mishnah,Sanhedrin,6,6,,,,
Mishnah,Sanhedrin,7,11,,,,
Mishnah,Sanhedrin,8,7,,,,
Mishnah,Sanhedrin,9,6,,,,
Mishnah,Sanhedrin,10,6,,,,
Mishnah,Sanhedrin,11,6,,,,
Mishnah,Makot,1,10,,,,
Mishnah,Makot,2,8,,,,
Mishnah,Makot,3,16,,,,
Mishnah,Shevuot,1,7,,,,
Mishnah,Shevuot,2,5,,,,
Mishnah,Shevuot,3,11,,,,
Mishnah,Shevuot,4,13,,,,
Mishnah,Shevuot,5,5,,,,
Mishnah,Shevuot,6,7,,,,
Mishnah,Shevuot,7,8,,,,
Mishnah,Shevuot,8,6,,,,
Mishnah,Eduyot,1,14,,,,
Mishnah,Eduyot,2,10,,,,
Mishnah,Eduyot,3,12,,,,
Mishnah,Eduyot,4,12,,,,
Mishnah,Eduyot,5,7,,,,
Mishnah,Eduyot,6,3,,,,
Mishnah,Eduyot,7,9,,,,
Mishnah,Eduyot,8,7,,,,
Mishnah,Avodah Zara,1,9,,,,
Mishnah,Avodah Zara,2,7,,,,
Mishnah,Avodah Zara,3,10,,,,
Mishnah,Avodah Zara,4,12,,,,
Mishnah,Avodah Zara,5,12,,,,
Mishnah,Avot,1,18,,,,
Mishnah,Avot,2,16,,,,
Mishnah,Avot,3,18,,,,
Mishnah,Avot,4,22,,,,
Mishnah,Avot,5,23,,,,
Mishnah,Avot,6,11,,,,
Mishnah,Horyot,1,5,,,,
Mishnah,Horyot,2,7,,,,
Mishnah,Horyot,3,8,,,,
Mishnah,Zevachim,1,4,,,,
Mishnah,Zevachim,2,5,,,,
Mishnah,Zevachim,3,6,,,,
Mishnah,Zevachim,4,6,,,,
Mishnah,Zevachim,5,8,,,,
Mishnah,Zevachim,6,7,,,,
Mishnah,Zevachim,7,6,,,,
Mishnah,Zevachim,8,12,,,,
Mishnah,Zevachim,9,7,,,,
Mishnah,Zevachim,10,8,,,,
Mishnah,Zevachim,11,8,,,,
Mishnah,Zevachim,12,6,,,,
Mishnah,Zevachim,13,8,,,,
Mishnah,Zevachim,14,10,,,,
Mishnah,Menachot,1,4,,,,
Mishnah,Menachot,2,5,,,,
Mishnah,Menachot,3,7,,,,
Mishnah,Menachot,4,5,,,,
Mishnah,Menachot,5,9,,,,
Mishnah,Menachot,6,7,,,,
Mishnah,Menachot,7,6,,,,
Mishnah,Menachot,8,7,,,,
Mishnah,Menachot,9,9,,,,
Mishnah,Menachot,10,9,,,,
Mishnah,Menachot,11,9,,,,
Mishnah,Menachot,12,5,,,,
Mishnah,Menachot,13,11,,,,
Mishnah,Chullin,1,7,,,,
Mishnah,Chullin,2,10,,,,
Mishnah,Chullin,3,7,,,,
Mishnah,Chullin,4,7,,,,
Mishnah,Chullin,5,5,,,,
Mishnah,Chullin,6,7,,,,
Mishnah,Chullin,7,6,,,,
Mishnah,Chullin,8,6,,,,
Mishnah,Chullin,9,8,,,,
Mishnah,Chullin,10,4,,,,
Mishnah,Chullin,11,2,,,,
Mishnah,Chullin,12,5,,,,
Mishnah,Bechorot,1,7,,,,
Mishnah,Bechorot,2,9,,,,
Mishnah,Bechorot,3,4,,,,
Mishnah,Bechorot,4,10,,,,
Mishnah,Bechorot,5,6,,,,
Mishnah,Bechorot,6,12,,,,
Mishnah,Bechorot,7,7,,,,
Mishnah,Bechorot,8,10,,,,
Mishnah,Bechorot,9,8,,,,
Mishnah,Erchin,1,4,,,,
Mishnah,Erchin,2,6,,,,
Mishnah,Erchin,3,5,,,,
Mishnah,Erchin,4,4,,,,
Mishnah,Erchin,5,6,,,,
Mishnah,Erchin,6,5,,,,
Mishnah,Erchin,7,5,,,,
Mishnah,Erchin,8,7,,,,
Mishnah,Erchin,9,8,,,,
Mishnah,Temurah,1,6,,,,
Mishnah,Temurah,2,3,,,,
Mishnah,Temurah,3,5,,,,
Mishnah,Temurah,4,4,,,,
Mishnah,Temurah,5,6,,,,
Mishnah,Temurah,6,5,,,,
Mishnah,Temurah,7,6,,,,
Mishnah,Keritot,1,7,,,,
Mishnah,Keritot,2,6,,,,
Mishnah,Keritot,3,10,,,,
Mishnah,Keritot,4,3,,,,
Mishnah,Keritot,5,8,,,,
Mishnah,Keritot,6,9,,,,
Mishnah,Meilah,1,4,,,,
Mishnah,Meilah,2,9,,,,
Mishnah,Meilah,3,8,,,,
Mishnah,Meilah,4,6,,,,
Mishnah,Meilah,5,5,,,,
Mishnah,Meilah,6,6,,,,
Mishnah,Tamid,1,4,,,,
Mishnah,Tamid,2,5,,,,
Mishnah,Tamid,3,9,,,,
Mishnah,Tamid,4,3,,,,
Mishnah,Tamid,5,6,,,,
Mishnah,Tamid,6,4,,,,
Mishnah,Tamid,7,3,,,,
Mishnah,Middot,1,9,,,,
Mishnah,Middot,2,6,,,,
Mishnah,Middot,3,8,,,,
Mishnah,Middot,4,7,,,,
Mishnah,Middot,5,4,,,,
Mishnah,Kinnim,1,4,,,,
Mishnah,Kinnim,2,5,,,,
Mishnah,Kinnim,3,6,,,,
Mishnah,Kelim,1,9,,,,
Mishnah,Kelim,2,8,,,,
Mishnah,Kelim,3,8,,,,
Mishnah,Kelim,4,4,,,,
Mishnah,Kelim,5,11,,,,
Mishnah,Kelim,6,4,,,,
Mishnah,Kelim,7,6,,,,
Mishnah,Kelim,8,11,,,,
Mishnah,Kelim,9,8,,,,
Mishnah,Kelim,10,8,,,,
Mishnah,Kelim,11,9,,,,
Mishnah,Kelim,12,8,,,,
Mishnah,Kelim,13,8,,,,
Mishnah,Kelim,14,8,,,,
Mishnah,Kelim,15,6,,,,
Mishnah,Kelim,16,8,,,,
Mishnah,Kelim,17,17,,,,
Mishnah,Kelim,18,9,,,,
Mishnah,Kelim,19,10,,,,
Mishnah,Kelim,20,7,,,,
Mishnah,Kelim,21,3,,,,
Mishnah,Kelim,22,10,,,,
Mishnah,Kelim,23,5,,,,
Mishnah,Kelim,24,17,,,,
Mishnah,Kelim,25,9,,,,
Mishnah,Kelim,26,9,,,,
Mishnah,Kelim,27,12,,,,
Mishnah,Kelim,28,10,,,,
Mishnah,Kelim,29,8,,,,
Mishnah,Kelim,30,4,,,,
Mishnah,Ohalot,1,8,,,,
Mishnah,Ohalot,2,7,,,,
Mishnah,Ohalot,3,7,,,,
Mishnah,Ohalot,4,3,,,,
Mishnah,Ohalot,5,7,,,,
Mishnah,Ohalot,6,7,,,,
Mishnah,Ohalot,7,6,,,,
Mishnah,Ohalot,8,6,,,,
Mishnah,Ohalot,9,16,,,,
Mishnah,Ohalot,10,7,,,,
Mishnah,Ohalot,11,9,,,,
Mishnah,Ohalot,12,8,,,,
Mishnah,Ohalot,13,6,,,,
Mishnah,Ohalot,14,7,,,,
Mishnah,Ohalot,15,10,,,,
Mishnah,Ohalot,16,5,,,,
Mishnah,Ohalot,17,5,,,,
Mishnah,Ohalot,18,10,,,,
Mishnah,Negaim,1,6,,,,
Mishnah,Negaim,2,5,,,,
Mishnah,Negaim,3,8,,,,
Mishnah,Negaim,4,11,,,,
Mishnah,Negaim,5,5,,,,
Mishnah,Negaim,6,8,,,,
Mishnah,Negaim,7,5,,,,
Mishnah,Negaim,8,10,,,,
Mishnah,Negaim,9,3,,,,
Mishnah,Negaim,10,10,,,,
Mishnah,Negaim,11,12,,,,
Mishnah,Negaim,12,7,,,,
Mishnah,Negaim,13,12,,,,
Mishnah,Negaim,14,13,,,,
Mishnah,Parah,1,4,,,,
Mishnah,Parah,2,5,,,,
Mishnah,Parah,3,11,,,,
Mishnah,Parah,4,4,,,,
Mishnah,Parah,5,9,,,,
Mishnah,Parah,6,5,,,,
Mishnah,Parah,7,12,,,,
Mishnah,Parah,8,11,,,,
Mishnah,Parah,9,9,,,,
Mishnah,Parah,10,6,,,,
Mishnah,Parah,11,9,,,,
Mishnah,Parah,12,11,,,,
Mishnah,Taharot,1,9,,,,
Mishnah,Taharot,2,8,,,,
Mishnah,Taharot,3,8,,,,
Mishnah,Taharot,4,13,,,,
Mishnah,Taharot,5,9,,,,
Mishnah,Taharot,6,10,,,,
Mishnah,Taharot,7,9,,,,
Mishnah,Taharot,8,9,,,,
Mishnah,Taharot,9,9,,,,
Mishnah,Taharot,10,8,,,,
Mishnah,Mikvaot,1,8,,,,
Mishnah,Mikvaot,2,10,,,,
Mishnah,Mikvaot,3,4,,,,
Mishnah,Mikvaot,4,5,,,,
Mishnah,Mikvaot,5,6,,,,
Mishnah,Mikvaot,6,11,,,,
Mishnah,Mikvaot,7,7,,,,
Mishnah,Mikvaot,8,5,,,,
Mishnah,Mikvaot,9,7,,,,
Mishnah,Mikvaot,10,8,,,,
Mishnah,Niddah,1,7,,,,
Mishnah,Niddah,2,7,,,,
Mishnah,Niddah,3,7,,,,
Mishnah,Niddah,4,7,,,,
Mishnah,Niddah,5,9,,,,
Mishnah,Niddah,6,14,,,,
Mishnah,Niddah,7,5,,,,
Mishnah,Niddah,8,4,,,,
Mishnah,Niddah,9,11,,,,
Mishnah,Niddah,10,8,,,,
Mishnah,Machshirin,1,6,,,,
Mishnah,Machshirin,2,11,,,,
Mishnah,Machshirin,3,8,,,,
Mishnah,Machshirin,4,10,,,,
Mishnah,Machshirin,5,11,,,,
Mishnah,Machshirin,6,8,,,,
Mishnah,Zavim,1,6,,,,
Mishnah,Zavim,2,4,,,,
Mishnah,Zavim,3,3,,,,
Mishnah,Zavim,4,7,,,,
Mishnah,Zavim,5,12,,,,
Mishnah,Tevul Yom,1,5,,,,
Mishnah,Tevul Yom,2,8,,,,
Mishnah,Tevul Yom,3,6,,,,
Mishnah,Tevul Yom,4,7,,,,
Mishnah,Yadayim,1,5,,,,
Mishnah,Yadayim,2,4,,,,
Mishnah,Yadayim,3,5,,,,
Mishnah,Yadayim,4,8,,,,
Mishnah,Uktzim,1,6,,,,
Mishnah,Uktzim,2,10,,,,
Mishnah,Uktzim,3,12,,,,